{"cameraMode":{"drawMode":0,"name":"Shaded","section":"Shading Mode"},"sceneLighting":true,"audioPlay":false,"sceneViewState":{"m_AlwaysRefresh":false,"showFog":true,"showSkybox":true,"showFlares":true,"showImageEffects":true,"showParticleSystems":true,"showVisualEffectGraphs":true,"m_FxEnabled":true},"in2DMode":false,"pivot":{"x":891.7196044921875,"y":543.696533203125,"z":-504.90740966796877},"rotation":{"x":0.14317190647125245,"y":0.024713249877095224,"z":0.003448137082159519,"w":-0.9895275831222534},"size":5.559988975524902,"orthographic":false}